"ABX.HE.A.06-1","Untranched","4,789,748,968","581,179,669","119",
"ABX.HE.A.06-2","Untranched","1,788,731,000","680,188,293","56",
"ABX.HE.A.07-1","Untranched","2,268,833,199","761,402,000","42",
"ABX.HE.A.07-2","Untranched","246,795,000","76,749,000","18",
"ABX.HE.AA.06-1","Untranched","4,731,571,300","787,595,000","278",
"ABX.HE.AA.06-2","Untranched","2,231,792,886","316,500,000","95",
"ABX.HE.AA.07-1","Untranched","1,224,418,088","568,720,000","83",
"ABX.HE.AA.07-2","Untranched","315,158,000","108,850,000","24",
"ABX.HE.AAA.06-1","Untranched","10,996,093,401","2,526,716,000","463",
"ABX.HE.AAA.06-2","Untranched","8,414,266,796","2,435,353,996","595",
"ABX.HE.AAA.07-1","Untranched","7,323,245,898","1,109,875,000","282",
"ABX.HE.AAA.07-2","Untranched","2,483,725,100","327,539,000","94",
"ABX.HE.BBB.06-1","Untranched","4,633,200,175","701,260,325","73",
"ABX.HE.BBB.06-2","Untranched","4,060,631,919","1,359,698,051","68",
"ABX.HE.BBB.07-1","Untranched","1,054,137,202","420,810,049","66",
"ABX.HE.BBB.07-2","Untranched","115,000,000","95,000,000","14",
"ABX.HE.BBB-.06-1","Untranched","3,132,430,884","628,161,460","79",
"ABX.HE.BBB-.06-2","Untranched","4,014,036,167","1,093,095,598","115",
"ABX.HE.BBB-.07-1","Untranched","295,272,000","244,772,000","17",
"ABX.HE.BBB-.07-2","Untranched","145,080,000","120,080,000","11",
"ABX.HE.PENAAA.06-1","Untranched","2,774,151,000","683,500,000","47",
"ABX.HE.PENAAA.06-2","Untranched","4,372,455,648","1,558,509,382","499",
"ABX.HE.PENAAA.07-1","Untranched","2,184,149,467","575,971,000","204",
"ABX.HE.PENAAA.07-2","Untranched","1,021,805,000","220,770,000","105",
"CDX.EM.10","Untranched","2,085,972,500","648,320,000","130",
"CDX.EM.11","Untranched","3,106,825,823","487,490,000","106",
"CDX.EM.12","Untranched","3,765,091,400","565,650,000","191",
"CDX.EM.13","Untranched","17,590,443,500","4,556,830,000","1,321",
"CDX.EM.14","Untranched","17,594,502,074","1,349,983,000","1,076",
"CDX.EM.15","Untranched","12,649,620,190","737,563,000","855",
"CDX.EM.16","Untranched","17,177,961,826","663,408,250","881",
"CDX.EM.17","Untranched","19,818,312,432","3,334,877,650","1,503",
"CDX.EM.18","Untranched","3,335,590,000","2,257,190,000","87",
"CDX.EM.8","Untranched","4,017,534,495","729,370,000","161",
"CDX.EM.9","Untranched","11,059,493,295","2,784,586,500","218",
"CDX.NA.HY.10","Tranched","49,893,812,600","9,378,250,000","1,264",
"CDX.NA.HY.10","Untranched","62,941,489,781","11,887,062,425","616",
"CDX.NA.HY.11","Tranched","12,229,954,937","2,612,600,000","432",
"CDX.NA.HY.11","Untranched","32,298,358,402","10,119,104,030","235",
"CDX.NA.HY.12","Untranched","14,115,192,462","1,321,245,731","71",
"CDX.NA.HY.13","Untranched","12,765,942,000","1,437,587,000","105",
"CDX.NA.HY.14","Untranched","39,390,387,400","12,166,175,000","188",
"CDX.NA.HY.15","Tranched","20,259,700,000","1,693,400,000","929",
"CDX.NA.HY.15","Untranched","57,501,524,324","8,581,708,909","566",
"CDX.NA.HY.16","Untranched","41,091,582,204","6,081,109,500","725",
"CDX.NA.HY.17","Tranched","1,868,500,000","487,500,000","94",
"CDX.NA.HY.17","Untranched","61,628,945,087","8,055,202,923","1,308",
"CDX.NA.HY.18","Untranched","93,599,420,169","26,446,000,643","4,840",
"CDX.NA.HY.8","Tranched","10,293,793,104","2,970,963,000","227",
"CDX.NA.HY.8","Untranched","9,815,272,573","3,224,704,500","116",
"CDX.NA.HY.9","Tranched","36,009,988,205","5,820,832,000","792",
"CDX.NA.HY.9","Untranched","58,162,466,000","13,613,502,087","237",
"CDX.NA.IG.HVOL.10","Untranched","4,672,425,049","825,397,328","55",
"CDX.NA.IG.HVOL.11","Untranched","4,378,933,336","725,183,334","37",
"CDX.NA.IG.HVOL.12","Untranched","1,927,100,000","606,200,000","18",
"CDX.NA.IG.HVOL.13","Untranched","688,220,000","149,910,000","15",
"CDX.NA.IG.HVOL.14","Untranched","422,796,664","188,680,000","14",
"CDX.NA.IG.HVOL.8","Untranched","788,950,000","224,950,000","11",
"CDX.NA.IG.HVOL.9","Untranched","7,400,612,490","2,650,127,666","56",
"CDX.NA.IG.10","Tranched","13,366,370,365","2,039,559,000","385",
"CDX.NA.IG.10","Untranched","103,166,148,501","5,694,742,430","379",
"CDX.NA.IG.11","Tranched","101,480,600","13,750,000","11",
"CDX.NA.IG.11","Untranched","54,989,679,851","4,177,005,494","310",
"CDX.NA.IG.12","Tranched","1,704,450,000","1,016,450,000","88",
"CDX.NA.IG.12","Untranched","63,036,933,915","5,369,179,664","363",
"CDX.NA.IG.13","Tranched","1,262,000,000","887,500,000","41",
"CDX.NA.IG.13","Untranched","70,596,915,998","7,368,816,062","479",
"CDX.NA.IG.14","Untranched","90,716,976,610","10,363,147,560","604",
"CDX.NA.IG.15","Tranched","8,342,825,000","1,654,200,000","355",
"CDX.NA.IG.15","Untranched","165,611,104,055","13,376,776,001","807",
"CDX.NA.IG.16","Untranched","165,334,001,739","21,226,681,664","1,591",
"CDX.NA.IG.17","Tranched","2,224,500,000","845,000,000","78",
"CDX.NA.IG.17","Untranched","182,656,204,668","16,515,471,850","1,650",
"CDX.NA.IG.18","Untranched","502,957,567,197","49,978,728,304","5,710",
"CDX.NA.IG.19","Untranched","58,316,915,899","19,969,831,899","623",
"CDX.NA.IG.8","Tranched","124,915,573,433","18,726,177,790","1,082",
"CDX.NA.IG.8","Untranched","94,764,593,654","17,374,789,333","244",
"CDX.NA.IG.9","Tranched","602,609,851,553","66,174,545,841","10,249",
"CDX.NA.IG.9","Untranched","830,521,929,057","111,243,228,445","1,947",
"CDX.NA.XO.9","Untranched","1,558,515,094","795,328,579","28",
"CMBX.NA.A.1","Untranched","4,482,588,201","691,560,000","377",
"CMBX.NA.A.2","Untranched","7,006,357,540","315,517,000","232",
"CMBX.NA.A.3","Untranched","6,130,567,520","929,722,000","302",
"CMBX.NA.A.4","Untranched","1,223,471,100","262,330,000","167",
"CMBX.NA.A.5","Untranched","601,576,000","275,000,000","150",
"CMBX.NA.AA.1","Untranched","2,042,856,000","403,273,000","192",
"CMBX.NA.AA.2","Untranched","3,474,905,518","392,265,000","271",
"CMBX.NA.AA.3","Untranched","3,779,928,910","499,880,000","272",
"CMBX.NA.AA.4","Untranched","2,293,728,600","524,820,000","343",
"CMBX.NA.AA.5","Untranched","832,143,000","338,000,000","172",
"CMBX.NA.AAA.1","Untranched","21,709,231,655","8,288,488,000","1,026",
"CMBX.NA.AAA.2","Untranched","8,664,342,265","2,822,386,000","508",
"CMBX.NA.AAA.3","Untranched","9,413,695,429","2,706,369,500","683",
"CMBX.NA.AAA.4","Untranched","6,179,661,085","915,461,500","357",
"CMBX.NA.AAA.5","Untranched","1,132,940,000","212,235,000","135",
"CMBX.NA.AJ.1","Untranched","6,585,040,200","1,413,110,000","264",
"CMBX.NA.AJ.2","Untranched","6,503,542,700","862,306,000","395",
"CMBX.NA.AJ.3","Untranched","7,437,003,900","1,148,085,000","774",
"CMBX.NA.AJ.4","Untranched","5,928,294,258","1,382,238,000","719",
"CMBX.NA.AJ.5","Untranched","992,992,800","282,125,000","188",
"CMBX.NA.AM.1","Untranched","2,867,849,000","852,126,000","406",
"CMBX.NA.AM.2","Untranched","1,684,180,000","564,960,000","136",
"CMBX.NA.AM.3","Untranched","3,639,984,432","660,801,000","342",
"CMBX.NA.AM.4","Untranched","2,320,566,640","707,155,000","423",
"CMBX.NA.AM.5","Untranched","307,000,000","60,500,000","18",
"CMBX.NA.BB.2","Untranched","177,885,300","91,900,000","14",
"CMBX.NA.BBB.1","Untranched","2,540,382,925","609,800,000","148",
"CMBX.NA.BBB.2","Untranched","2,750,826,571","200,705,000","68",
"CMBX.NA.BBB.3","Untranched","2,115,244,642","200,116,742","63",
"CMBX.NA.BBB.4","Untranched","273,354,500","54,000,000","28",
"CMBX.NA.BBB.5","Untranched","165,000,000","70,000,000","25",
"CMBX.NA.BBB-.1","Untranched","2,690,308,321","737,144,195","74",
"CMBX.NA.BBB-.2","Untranched","2,804,100,074","372,000,000","93",
"CMBX.NA.BBB-.3","Untranched","840,674,752","217,879,688","64",
"CMBX.NA.BBB-.4","Untranched","241,944,800","101,940,000","32",
"DOW JONES CDX.NA.HY.6","Untranched","435,250,000","168,750,000","18",
"DOW JONES CDX.NA.HY.7","Tranched","5,634,437,190","1,428,238,000","155",
"DOW JONES CDX.NA.HY.7","Untranched","5,505,849,772","2,356,136,600","80",
"DOW JONES CDX.NA.IG.HVOL.2","Untranched","557,000,000","76,870,000","21",
"DOW JONES CDX.NA.IG.HVOL.3","Untranched","1,670,101,586","158,000,000","33",
"DOW JONES CDX.NA.IG.HVOL.4","Untranched","1,893,955,971","275,000,000","24",
"DOW JONES CDX.NA.IG.HVOL.7","Untranched","966,420,230","230,000,000","11",
"DOW JONES CDX.NA.IG.1","Tranched","283,462,500","140,000,000","12",
"DOW JONES CDX.NA.IG.1","Untranched","1,237,250,000","525,750,000","22",
"DOW JONES CDX.NA.IG.2","Tranched","2,538,151,150","636,000,000","90",
"DOW JONES CDX.NA.IG.2","Untranched","5,467,632,165","1,712,250,000","47",
"DOW JONES CDX.NA.IG.3","Tranched","11,364,407,007","1,220,450,000","275",
"DOW JONES CDX.NA.IG.3","Untranched","13,630,491,693","5,578,270,000","71",
"DOW JONES CDX.NA.IG.4","Tranched","10,876,682,185","1,567,918,000","429",
"DOW JONES CDX.NA.IG.4","Untranched","26,501,906,902","7,077,399,940","103",
"DOW JONES CDX.NA.IG.5","Tranched","49,036,228,686","12,868,938,400","861",
"DOW JONES CDX.NA.IG.5","Untranched","41,032,024,680","9,957,100,000","183",
"DOW JONES CDX.NA.IG.6","Tranched","91,897,281,279","26,325,946,688","823",
"DOW JONES CDX.NA.IG.6","Untranched","67,404,851,137","17,837,276,501","237",
"DOW JONES CDX.NA.IG.7","Tranched","147,780,941,323","36,354,448,400","1,018",
"DOW JONES CDX.NA.IG.7","Untranched","135,920,963,686","26,221,826,204","372",
"IOS.FN30.350.10","Untranched","1,206,500,000","555,000,000","50",
"IOS.FN30.400.09","Untranched","5,583,195,000","875,250,000","145",
"IOS.FN30.400.10","Untranched","8,711,919,000","2,366,614,000","600",
"IOS.FN30.400.11","Untranched","1,048,040,000","260,000,000","61",
"IOS.FN30.450.09","Untranched","9,285,342,300","1,957,700,000","257",
"IOS.FN30.450.10","Untranched","4,622,243,000","972,200,000","111",
"IOS.FN30.450.11","Untranched","799,000,000","357,000,000","23",
"IOS.FN30.500.03","Untranched","981,056,000","325,900,000","32",
"IOS.FN30.500.05","Untranched","607,715,000","60,000,000","14",
"IOS.FN30.500.08","Untranched","2,237,600,000","153,000,000","104",
"IOS.FN30.500.09","Untranched","9,322,761,545","1,405,350,783","176",
"IOS.FN30.500.10","Untranched","6,730,856,000","1,586,110,000","187",
"IOS.FN30.550.03","Untranched","1,673,911,000","5,000,000","36",
"IOS.FN30.550.05","Untranched","1,735,110,000","514,000,000","37",
"IOS.FN30.550.08","Untranched","6,858,121,475","1,602,238,838","84",
"IOS.FN30.600.08","Untranched","6,247,700,221","1,610,426,779","84",
"IOS.FN30.650.67","Untranched","19,316,584,424","6,226,263,365","417",
"IOS.GII30.450.10","Untranched","253,000,000","26,000,000","15",
"IOS.GII30.500.10","Untranched","1,113,113,000","87,113,000","50",
"ITRAXX ASIA EX-JAPAN HY SERIES 10","Untranched","268,600,000","73,000,000","33",
"ITRAXX ASIA EX-JAPAN HY SERIES 11","Untranched","87,000,000","29,000,000","11",
"ITRAXX ASIA EX-JAPAN HY SERIES 12","Untranched","290,500,000","130,000,000","20",
"ITRAXX ASIA EX-JAPAN HY SERIES 8","Untranched","3,239,450,500","171,600,000","274",
"ITRAXX ASIA EX-JAPAN HY SERIES 9","Untranched","3,290,766,000","287,500,000","276",
"ITRAXX ASIA EX-JAPAN IG SERIES 10","Untranched","3,200,500,000","532,000,000","239",
"ITRAXX ASIA EX-JAPAN IG SERIES 11","Untranched","3,268,937,500","194,500,000","274",
"ITRAXX ASIA EX-JAPAN IG SERIES 12","Untranched","5,441,500,000","1,025,000,000","356",
"ITRAXX ASIA EX-JAPAN IG SERIES 13","Untranched","8,956,641,600","939,000,000","521",
"ITRAXX ASIA EX-JAPAN IG SERIES 14","Untranched","12,386,500,000","530,000,000","538",
"ITRAXX ASIA EX-JAPAN IG SERIES 15","Untranched","18,480,380,700","972,890,000","916",
"ITRAXX ASIA EX-JAPAN IG SERIES 16","Untranched","17,670,050,000","420,300,000","1,076",
"ITRAXX ASIA EX-JAPAN IG SERIES 17","Untranched","22,617,375,000","2,016,200,000","1,582",
"ITRAXX ASIA EX-JAPAN IG SERIES 18","Untranched","1,716,750,000","879,550,000","80",
"ITRAXX ASIA EX-JAPAN IG SERIES 8","Untranched","3,707,500,000","1,067,500,000","218",
"ITRAXX ASIA EX-JAPAN IG SERIES 9","Untranched","7,507,000,000","840,500,000","455",
"ITRAXX ASIA EX-JAPAN SERIES 8","Tranched","160,000,000","30,000,000","17",
"ITRAXX ASIA EX-JAPAN SERIES 8","Untranched","1,302,400,000","220,000,000","76",
"ITRAXX AUSTRALIA SERIES 10","Untranched","4,164,623,800","665,000,000","201",
"ITRAXX AUSTRALIA SERIES 11","Untranched","7,126,411,535","411,724,400","407",
"ITRAXX AUSTRALIA SERIES 12","Untranched","8,394,200,000","1,211,300,000","401",
"ITRAXX AUSTRALIA SERIES 13","Untranched","8,978,000,000","306,500,000","527",
"ITRAXX AUSTRALIA SERIES 14","Untranched","16,221,049,600","319,200,000","723",
"ITRAXX AUSTRALIA SERIES 15","Untranched","28,220,530,400","866,195,000","1,348",
"ITRAXX AUSTRALIA SERIES 16","Untranched","18,758,025,000","611,100,000","972",
"ITRAXX AUSTRALIA SERIES 17","Untranched","28,193,372,382","2,115,619,800","1,740",
"ITRAXX AUSTRALIA SERIES 18","Untranched","1,614,400,000","580,000,000","57",
"ITRAXX AUSTRALIA SERIES 8","Untranched","4,378,100,000","497,200,000","215",
"ITRAXX AUSTRALIA SERIES 9","Untranched","6,725,000,000","418,500,000","404",
"ITRAXX CEEMEA SERIES 18","Untranched","70,000,000","50,000,000","10",
"ITRAXX EUROPE CROSSOVER SERIES 1","Untranched","613,956,518","239,597,537","20",
"ITRAXX EUROPE CROSSOVER SERIES 10","Untranched","8,266,657,840","707,158,569","151",
"ITRAXX EUROPE CROSSOVER SERIES 11","Untranched","8,668,098,431","1,068,369,379","162",
"ITRAXX EUROPE CROSSOVER SERIES 12","Untranched","20,321,500,179","993,164,573","359",
"ITRAXX EUROPE CROSSOVER SERIES 13","Untranched","20,063,386,940","705,219,100","548",
"ITRAXX EUROPE CROSSOVER SERIES 14","Untranched","25,052,206,146","1,320,947,770","587",
"ITRAXX EUROPE CROSSOVER SERIES 15","Untranched","36,632,669,648","2,593,258,082","918",
"ITRAXX EUROPE CROSSOVER SERIES 16","Untranched","54,690,357,547","4,781,268,499","1,426",
"ITRAXX EUROPE CROSSOVER SERIES 17","Untranched","117,420,262,980","9,651,092,902","7,322",
"ITRAXX EUROPE CROSSOVER SERIES 18","Untranched","17,581,359,865","4,504,736,196","752",
"ITRAXX EUROPE CROSSOVER SERIES 2","Untranched","290,425,191","86,400,520","27",
"ITRAXX EUROPE CROSSOVER SERIES 3","Untranched","249,886,406","106,621,230","19",
"ITRAXX EUROPE CROSSOVER SERIES 4","Untranched","199,259,982","78,519,961","17",
"ITRAXX EUROPE CROSSOVER SERIES 5","Untranched","399,091,211","322,622,530","11",
"ITRAXX EUROPE CROSSOVER SERIES 6","Untranched","1,423,888,372","577,085,371","29",
"ITRAXX EUROPE CROSSOVER SERIES 7","Untranched","3,592,942,421","581,569,630","66",
"ITRAXX EUROPE CROSSOVER SERIES 8","Untranched","32,064,239,989","3,055,784,297","578",
"ITRAXX EUROPE CROSSOVER SERIES 9","Untranched","13,547,365,121","1,287,417,500","322",
"ITRAXX EUROPE ENERGY SERIES 2","Untranched","207,724,768","97,370,985","12",
"ITRAXX EUROPE HIVOL SERIES 1","Untranched","248,296,012","98,993,835","12",
"ITRAXX EUROPE HIVOL SERIES 10","Untranched","11,523,497,783","1,341,626,767","56",
"ITRAXX EUROPE HIVOL SERIES 11","Untranched","4,753,849,067","673,352,820","65",
"ITRAXX EUROPE HIVOL SERIES 12","Untranched","11,972,135,047","2,808,002,642","75",
"ITRAXX EUROPE HIVOL SERIES 13","Untranched","8,780,116,265","1,167,269,519","85",
"ITRAXX EUROPE HIVOL SERIES 14","Untranched","9,348,653,189","1,144,217,264","78",
"ITRAXX EUROPE HIVOL SERIES 15","Untranched","4,230,496,274","326,468,101","68",
"ITRAXX EUROPE HIVOL SERIES 16","Untranched","3,168,683,374","604,959,438","43",
"ITRAXX EUROPE HIVOL SERIES 17","Untranched","2,209,802,051","606,828,961","67",
"ITRAXX EUROPE HIVOL SERIES 2","Untranched","346,067,646","137,617,659","27",
"ITRAXX EUROPE HIVOL SERIES 3","Untranched","155,274,264","78,675,756","18",
"ITRAXX EUROPE HIVOL SERIES 4","Untranched","450,762,747","306,523,861","16",
"ITRAXX EUROPE HIVOL SERIES 5","Untranched","740,045,454","381,598,188","20",
"ITRAXX EUROPE HIVOL SERIES 6","Untranched","3,767,987,158","719,935,098","39",
"ITRAXX EUROPE HIVOL SERIES 7","Untranched","2,384,402,695","583,226,458","34",
"ITRAXX EUROPE HIVOL SERIES 8","Untranched","16,382,624,414","1,067,458,633","89",
"ITRAXX EUROPE HIVOL SERIES 9","Untranched","8,326,144,891","2,062,122,721","61",
"ITRAXX EUROPE INDUSTRIALS SERIES 2","Untranched","220,707,566","58,422,591","11",
"ITRAXX EUROPE SENIOR FINANCIALS SERIES 10","Untranched","22,020,613,714","3,614,166,884","264",
"ITRAXX EUROPE SENIOR FINANCIALS SERIES 11","Untranched","12,975,181,286","1,873,274,942","220",
"ITRAXX EUROPE SENIOR FINANCIALS SERIES 12","Untranched","22,463,973,256","2,611,450,872","360",
"ITRAXX EUROPE SENIOR FINANCIALS SERIES 13","Untranched","36,433,150,312","2,646,465,473","585",
"ITRAXX EUROPE SENIOR FINANCIALS SERIES 14","Untranched","42,404,041,876","2,146,524,792","794",
"ITRAXX EUROPE SENIOR FINANCIALS SERIES 15","Untranched","73,859,310,088","2,399,332,761","1,305",
"ITRAXX EUROPE SENIOR FINANCIALS SERIES 16","Untranched","106,533,598,641","3,403,173,318","2,136",
"ITRAXX EUROPE SENIOR FINANCIALS SERIES 17","Untranched","204,905,275,427","10,569,174,759","8,035",
"ITRAXX EUROPE SENIOR FINANCIALS SERIES 18","Untranched","7,537,819,535","3,423,182,143","210",
"ITRAXX EUROPE SENIOR FINANCIALS SERIES 2","Untranched","199,935,090","70,496,593","12",
"ITRAXX EUROPE SENIOR FINANCIALS SERIES 3","Untranched","349,496,922","39,987,018","15",
"ITRAXX EUROPE SENIOR FINANCIALS SERIES 4","Untranched","428,432,334","259,655,960","14",
"ITRAXX EUROPE SENIOR FINANCIALS SERIES 5","Untranched","1,045,115,239","298,604,354","16",
"ITRAXX EUROPE SENIOR FINANCIALS SERIES 7","Untranched","1,496,755,624","312,495,948","29",
"ITRAXX EUROPE SENIOR FINANCIALS SERIES 8","Untranched","28,907,392,597","4,951,574,247","331",
"ITRAXX EUROPE SENIOR FINANCIALS SERIES 9","Untranched","17,264,301,453","3,106,525,201","262",
"ITRAXX EUROPE SERIES 1","Untranched","4,904,414,231","812,560,869","44",
"ITRAXX EUROPE SERIES 1B","Tranched","1,383,193,790","253,164,561","37",
"ITRAXX EUROPE SERIES 10","Untranched","99,504,704,483","10,036,733,042","611",
"ITRAXX EUROPE SERIES 11","Untranched","65,974,493,671","3,602,954,167","466",
"ITRAXX EUROPE SERIES 12","Untranched","87,952,064,599","6,137,697,866","661",
"ITRAXX EUROPE SERIES 13","Untranched","154,205,176,197","5,456,282,432","1,275",
"ITRAXX EUROPE SERIES 14","Untranched","149,144,779,922","3,815,453,486","1,182",
"ITRAXX EUROPE SERIES 15","Tranched","26,047,229,246","6,148,393,480","597",
"ITRAXX EUROPE SERIES 15","Untranched","257,064,235,741","9,545,057,018","2,063",
"ITRAXX EUROPE SERIES 16","Untranched","265,074,519,187","12,403,929,941","3,165",
"ITRAXX EUROPE SERIES 17","Untranched","601,771,949,554","40,044,758,208","9,708",
"ITRAXX EUROPE SERIES 18","Untranched","56,272,951,073","16,705,081,376","683",
"ITRAXX EUROPE SERIES 2","Untranched","9,774,782,108","4,344,144,178","90",
"ITRAXX EUROPE SERIES 2C","Tranched","5,675,914,792","976,436,238","137",
"ITRAXX EUROPE SERIES 3","Untranched","18,959,772,015","4,767,088,685","132",
"ITRAXX EUROPE SERIES 3C","Tranched","12,377,953,331","2,888,268,793","229",
"ITRAXX EUROPE SERIES 4","Tranched","6,253,347,974","2,234,231,909","96",
"ITRAXX EUROPE SERIES 4","Untranched","56,945,461,957","14,007,305,320","235",
"ITRAXX EUROPE SERIES 4B","Tranched","22,919,975,824","7,678,939,814","244",
"ITRAXX EUROPE SERIES 4C","Tranched","28,748,598,964","11,616,293,596","301",
"ITRAXX EUROPE SERIES 5","Tranched","12,458,303,478","2,547,535,257","98",
"ITRAXX EUROPE SERIES 5","Untranched","62,679,735,204","17,972,702,340","260",
"ITRAXX EUROPE SERIES 5B","Tranched","13,728,893,048","6,045,849,108","199",
"ITRAXX EUROPE SERIES 5C","Tranched","39,868,200,050","17,799,303,433","322",
"ITRAXX EUROPE SERIES 6","Tranched","8,546,055,574","6,355,139,473","79",
"ITRAXX EUROPE SERIES 6","Untranched","83,183,036,493","21,622,541,092","362",
"ITRAXX EUROPE SERIES 6B","Tranched","7,599,665,815","1,814,680,977","193",
"ITRAXX EUROPE SERIES 6C","Tranched","48,994,568,613","10,278,282,653","402",
"ITRAXX EUROPE SERIES 7","Tranched","6,857,698,261","3,203,724,817","85",
"ITRAXX EUROPE SERIES 7","Untranched","78,990,537,101","15,004,558,560","305",
"ITRAXX EUROPE SERIES 7B","Tranched","19,679,798,699","3,272,662,694","292",
"ITRAXX EUROPE SERIES 7C","Tranched","41,543,348,668","6,873,303,767","376",
"ITRAXX EUROPE SERIES 8","Tranched","89,919,783,162","9,848,577,897","1,417",
"ITRAXX EUROPE SERIES 8","Untranched","139,957,788,815","16,674,498,928","777",
"ITRAXX EUROPE SERIES 9","Tranched","556,184,559,968","90,370,128,897","9,071",
"ITRAXX EUROPE SERIES 9","Untranched","649,065,558,608","70,599,745,978","3,929",
"ITRAXX EUROPE SUB FINANCIALS SERIES 10","Untranched","14,079,209,773","2,095,741,678","189",
"ITRAXX EUROPE SUB FINANCIALS SERIES 11","Untranched","5,706,355,499","1,373,151,597","124",
"ITRAXX EUROPE SUB FINANCIALS SERIES 12","Untranched","14,269,114,090","4,261,285,366","165",
"ITRAXX EUROPE SUB FINANCIALS SERIES 13","Untranched","16,804,691,013","1,745,965,622","251",
"ITRAXX EUROPE SUB FINANCIALS SERIES 14","Untranched","18,735,237,072","1,771,961,078","354",
"ITRAXX EUROPE SUB FINANCIALS SERIES 15","Untranched","23,296,298,865","2,331,642,748","396",
"ITRAXX EUROPE SUB FINANCIALS SERIES 16","Untranched","19,156,375,297","1,451,441,062","537",
"ITRAXX EUROPE SUB FINANCIALS SERIES 17","Untranched","29,151,065,239","4,495,414,287","1,616",
"ITRAXX EUROPE SUB FINANCIALS SERIES 18","Untranched","2,233,448,920","1,243,510,570","101",
"ITRAXX EUROPE SUB FINANCIALS SERIES 2","Untranched","856,864,668","149,302,177","29",
"ITRAXX EUROPE SUB FINANCIALS SERIES 3","Untranched","854,268,109","211,074,330","30",
"ITRAXX EUROPE SUB FINANCIALS SERIES 4","Untranched","880,251,621","194,741,970","22",
"ITRAXX EUROPE SUB FINANCIALS SERIES 5","Untranched","645,245,060","207,724,768","23",
"ITRAXX EUROPE SUB FINANCIALS SERIES 6","Untranched","1,288,023,390","455,566,384","37",
"ITRAXX EUROPE SUB FINANCIALS SERIES 7","Untranched","4,046,066,277","892,151,913","48",
"ITRAXX EUROPE SUB FINANCIALS SERIES 8","Untranched","16,651,085,527","1,718,701,747","296",
"ITRAXX EUROPE SUB FINANCIALS SERIES 9","Untranched","20,335,943,212","3,245,170,512","289",
"ITRAXX EUROPE TMT SERIES 1","Untranched","357,026,945","194,741,970","11",
"ITRAXX JAPAN HIVOL SERIES 8","Untranched","191,320,347","134,400,000","16",
"ITRAXX JAPAN SERIES 10","Tranched","179,200,000","166,400,000","10",
"ITRAXX JAPAN SERIES 10","Untranched","4,046,881,527","496,000,000","196",
"ITRAXX JAPAN SERIES 11","Untranched","5,711,261,011","759,680,000","275",
"ITRAXX JAPAN SERIES 12","Untranched","4,693,760,000","642,560,000","233",
"ITRAXX JAPAN SERIES 13","Untranched","12,584,383,326","1,576,896,000","564",
"ITRAXX JAPAN SERIES 14","Untranched","12,143,714,664","1,356,799,999","633",
"ITRAXX JAPAN SERIES 15","Untranched","17,678,611,968","910,720,000","768",
"ITRAXX JAPAN SERIES 16","Untranched","13,971,045,376","709,329,920","733",
"ITRAXX JAPAN SERIES 17","Untranched","35,062,432,000","1,916,800,000","2,373",
"ITRAXX JAPAN SERIES 18","Untranched","2,062,583,040","958,949,120","107",
"ITRAXX JAPAN SERIES 8","Untranched","5,833,518,778","1,564,096,001","171",
"ITRAXX JAPAN SERIES 9","Tranched","343,040,000","220,160,000","24",
"ITRAXX JAPAN SERIES 9","Untranched","6,153,119,030","1,171,968,000","213",
"ITRAXX JAPAN 80 SERIES 8","Tranched","320,000,000","140,800,000","26",
"ITRAXX JAPAN 80 SERIES 8","Untranched","803,045,486","474,432,000","23",
"ITRAXX LEVX SENIOR SERIES 2","Untranched","3,034,330,852","331,056,154","130",
"ITRAXX LEVX SENIOR SERIES 3","Untranched","1,605,322,974","105,809,803","84",
"ITRAXX LEVX SENIOR SERIES 4","Untranched","149,302,178","27,263,876","14",
"ITRAXX SDI-75 SERIES 1","Untranched","930,270,313","219,173,634","39",
"ITRAXX SDI-75 SERIES 2","Untranched","261,384,853","115,269,097","14",
"ITRAXX SOVX ASIA PACIFIC SERIES 3","Untranched","3,974,000,000","325,500,000","255",
"ITRAXX SOVX ASIA PACIFIC SERIES 4","Untranched","3,499,388,000","151,000,000","191",
"ITRAXX SOVX ASIA PACIFIC SERIES 5","Untranched","2,191,000,000","251,000,000","123",
"ITRAXX SOVX ASIA PACIFIC SERIES 6","Untranched","715,370,000","107,370,000","112",
"ITRAXX SOVX CEEMEA SERIES 3","Untranched","20,032,838,700","391,900,000","1,823",
"ITRAXX SOVX CEEMEA SERIES 4","Untranched","14,320,275,000","649,000,000","848",
"ITRAXX SOVX CEEMEA SERIES 5","Untranched","19,836,663,482","498,475,000","1,384",
"ITRAXX SOVX CEEMEA SERIES 6","Untranched","27,562,721,566","686,528,000","1,960",
"ITRAXX SOVX CEEMEA SERIES 7","Untranched","30,656,493,837","2,035,461,000","2,118",
"ITRAXX SOVX CEEMEA SERIES 8","Untranched","1,663,750,000","842,250,000","78",
"ITRAXX SOVX WESTERN EUROPE SERIES 2","Untranched","34,006,880,362","3,111,050,000","385",
"ITRAXX SOVX WESTERN EUROPE SERIES 3","Untranched","31,564,380,059","1,119,220,000","452",
"ITRAXX SOVX WESTERN EUROPE SERIES 4","Untranched","38,262,829,867","1,020,600,000","620",
"ITRAXX SOVX WESTERN EUROPE SERIES 5","Untranched","35,560,524,537","1,710,706,000","525",
"ITRAXX SOVX WESTERN EUROPE SERIES 6","Untranched","10,224,413,262","546,520,000","282",
"ITRAXX SOVX WESTERN EUROPE SERIES 7","Untranched","4,724,366,541","605,780,500","282",
"LCDX.NA SERIES 10","Tranched","12,111,563,306","1,511,000,000","297",
"LCDX.NA SERIES 10","Untranched","20,094,082,137","4,142,244,001","330",
"LCDX.NA SERIES 12","Tranched","3,332,000,000","1,078,000,000","142",
"LCDX.NA SERIES 12","Untranched","10,552,594,666","1,065,810,200","218",
"LCDX.NA SERIES 13","Tranched","160,150,000","70,150,000","24",
"LCDX.NA SERIES 13","Untranched","4,900,758,081","675,020,000","109",
"LCDX.NA SERIES 14","Untranched","1,417,455,000","265,990,000","36",
"LCDX.NA SERIES 15","Untranched","1,201,673,692","194,715,000","42",
"LCDX.NA SERIES 16","Untranched","3,788,935,000","104,750,000","156",
"LCDX.NA SERIES 17","Untranched","1,424,094,288","217,750,000","67",
"LCDX.NA SERIES 18","Untranched","1,903,313,900","804,050,000","234",
"LCDX.NA SERIES 9","Tranched","11,430,859,182","886,786,150","282",
"LCDX.NA SERIES 9","Untranched","11,212,324,745","1,657,210,840","174",
"MBX.FN30.350.10","Untranched","454,000,000","244,000,000","36",
"MBX.FN30.400.09-V1","Untranched","1,353,946,000","626,946,000","60",
"MBX.FN30.450.09-V1","Untranched","1,325,694,000","502,204,000","76",
"MBX.FN30.500.09-V1","Untranched","1,678,150,000","516,000,000","199",
"MBX.FN30.500.10","Untranched","5,078,646,000","2,365,683,000","247",
"MBX.FN30.550.08-V1","Untranched","687,000,000","242,500,000","15",
"MBX.FN30.650.67","Untranched","18,600,723,000","9,536,000,000","311",
"MBX.GII30.450.10","Untranched","285,000,000","280,000,000","45",
"MBX.GII30.500.10","Untranched","1,300,000,000","151,000,000","35",
"MCDX.NA.10","Untranched","5,266,111,000","819,579,000","269",
"MCDX.NA.11","Untranched","2,111,900,000","857,500,000","107",
"MCDX.NA.12","Untranched","837,000,000","298,000,000","52",
"MCDX.NA.13","Untranched","1,108,500,000","161,500,000","86",
"MCDX.NA.14","Untranched","2,389,000,000","479,000,000","174",
"MCDX.NA.15","Untranched","3,586,480,000","576,800,000","545",
"MCDX.NA.16","Untranched","5,212,741,000","872,226,400","286",
"MCDX.NA.17","Untranched","6,795,100,000","583,300,000","269",
"MCDX.NA.18","Untranched","5,017,050,000","1,755,050,000","447",
"PO.FN30.650.67","Untranched","2,210,000,000","63,500,000","11",
"PRIMEX.ARM.1","Untranched","3,556,630,785","934,965,785","377",
"PRIMEX.ARM.2","Untranched","2,026,870,000","585,060,000","219",
"PRIMEX.FRM.1","Untranched","1,267,085,000","272,940,000","82",
"PRIMEX.FRM.2","Untranched","2,355,620,000","434,850,000","143",
"TABX.HE.07-1.06-2.BBB.35-100","Tranched","453,000,000","235,000,000","14",
"TABX.HE.07-1.06-2.BBB-.0-5","Tranched","220,000,000","160,000,000","28",
"TABX.HE.07-1.06-2.BBB-.10-15","Tranched","190,000,000","43,000,000","36",
"TABX.HE.07-1.06-2.BBB-.15-25","Tranched","258,000,000","125,000,000","25",
"TABX.HE.07-1.06-2.BBB-.25-40","Tranched","522,500,000","242,500,000","63",
"TABX.HE.07-1.06-2.BBB-.40-100","Tranched","2,554,913,400","1,042,076,000","146",
"TABX.HE.07-1.06-2.BBB-.5-10","Tranched","220,000,000","175,000,000","24",
"TRX.II.AAA.1.DEC12","Untranched","770,000,000","285,000,000","31",
"TRX.II.AAA.1.MAR13","Untranched","390,000,000","240,000,000","14",
"TRX.II.AAA.1.SEP12","Untranched","1,215,733,000","182,688,000","57",
"Index Swaptions","Untranched","161,547,181,936","26,913,682,958","1,852",
"Index Untranched Other","Untranched","16,425,620,073","8,348,341,933","349",
"Index Tranched Other","Tranched","1,427,991,354","822,209,843","96",
"Total Index Untranched","Untranched","8,620,253,325,875","1,055,545,411,113","146,068",
"Total Index Tranched","Tranched","2,187,164,697,616","392,015,666,476","35,119",
"Total","","10,807,418,023,491","1,447,561,077,589","181,187",
" "



